type	Boaz the kinsman-redeemer	8003009-8003009,8004009-8004010	Ruth 3:9; Ruth 4:9-10	[[49001007-49001007|Ephesians 1:7]]; [[48004004-48004005|Galatians 4:4-5]]; [[56002014-56002014|Titus 2:14]]	Boaz, a near kinsman, paid the price to redeem what was lost and took Ruth, a Gentile, as his bride. Christ became our kinsman, taking our nature, to redeem us.
prophecy	The LORD's anointed king	9002010-9002010	1 Samuel 2:10	[[42001068-42001069|Luke 1:68-69]]	Hannah's song ends: the LORD shall give strength unto his king and exalt the horn of his anointed (his Messiah). Zacharias sings that God has raised up "an horn of salvation" in David's house.
type	David defeats Goliath	9017045-9017047,9017050-9017051	1 Samuel 17:45-47,50-51	[[51002015-51002015|Colossians 2:15]]; [[58002014-58002015|Hebrews 2:14-15]]	The shepherd from Bethlehem faced the enemy his people feared, alone, and won the victory they all shared. Traditionally a picture of Christ's victory over Satan.
prophecy	David's son, a throne for ever	10007012-10007016,13017011-13017014	2 Samuel 7:12-16; 1 Chronicles 17:11-14	[[42001031-42001033|Luke 1:31-33]]; [[44002030-44002030|Acts 2:30]]; [[58001005-58001005|Hebrews 1:5]]; [[45001003-45001003|Romans 1:3]]	God promised David a son whose kingdom and throne would last for ever, and "I will be his father, and he shall be my son". Fulfilled in Jesus, the Son of David and Son of God.
type	A greater than Solomon	11010001-11010001,11010006-11010009	1 Kings 10:1,6-9	[[40012042-40012042|Matthew 12:42]]; [[51002003-51002003|Colossians 2:3]]	The queen of Sheba came from far away to hear Solomon's wisdom. Jesus said, "a greater than Solomon is here", in whom are hid all the treasures of wisdom.
prophecy	I know that my redeemer liveth	18019025-18019027	Job 19:25-27	[[46015020-46015023|1 Corinthians 15:20-23]]; [[62003002-62003002|1 John 3:2]]; [[50003020-50003021|Philippians 3:20-21]]	In his suffering Job is sure his Redeemer lives and will stand on the earth at the last, and that he will see God in his flesh. Fulfilled in the risen Christ and the resurrection of believers.
type	Joshua leads into the land	6001002-6001006	Joshua 1:2-6	[[58004008-58004010|Hebrews 4:8-10]]; [[40001021-40001021|Matthew 1:21]]	Joshua (the same name as Jesus) led the people into the promised rest that Moses could not. Hebrews points beyond him to the rest that Jesus gives.
type	The captain of the LORD's host	6005013-6005015	Joshua 5:13-15	[[58002010-58002010|Hebrews 2:10]]; [[66019011-66019014|Revelation 19:11-14]]	Before Jericho, Joshua met a man with a drawn sword, the captain of the LORD's host, and worshipped him on holy ground. Traditionally an appearance of Christ, the captain of our salvation.
prophecy	A faithful priest	9002035-9002035	1 Samuel 2:35	[[58002017-58002017|Hebrews 2:17]]; [[58003001-58003002|Hebrews 3:1-2]]; [[58007026-58007028|Hebrews 7:26-28]]	"I will raise me up a faithful priest, that shall do according to that which is in mine heart." Hebrews calls Jesus the merciful and faithful high priest.
prophecy	The first promise of the gospel	1003015-1003015	Genesis 3:15	[[48004004-48004004|Galatians 4:4]]; [[45016020-45016020|Romans 16:20]]; [[58002014-58002014|Hebrews 2:14]]; [[62003008-62003008|1 John 3:8]]	The woman's offspring would crush the serpent's head, though bruised himself. Christ, born of a woman, defeated Satan by his death on the cross.
type	Covered by a sacrifice	1003021-1003021	Genesis 3:21	[[45003022-45003022|Romans 3:22]]; [[48003027-48003027|Galatians 3:27]]; [[66003018-66003018|Revelation 3:18]]	God himself covered Adam and Eve's shame with skins, which cost a death. So Christ's righteousness, won by his death, covers the sinner.
type	Adam, a figure of him to come	1002007-1002007	Genesis 2:7	[[45005014-45005019|Romans 5:14-19]]; [[46015045-46015049|1 Corinthians 15:45-49]]	Paul calls Adam "the figure of him that was to come". Through the first Adam came sin and death; through Christ, the last Adam, righteousness and life.
type	The bridegroom and his bride	1002022-1002024	Genesis 2:22-24	[[49005025-49005032|Ephesians 5:25-32]]; [[66019007-66019007|Revelation 19:7]]	The first marriage, the bride taken from the man's side, is "a great mystery" that Paul says speaks of Christ and the church.
type	Abel's accepted lamb	1004004-1004004	Genesis 4:4	[[58011004-58011004|Hebrews 11:4]]; [[58012024-58012024|Hebrews 12:24]]; [[43001029-43001029|John 1:29]]	Abel brought a lamb from his flock and God accepted it. Christ is the Lamb of God, whose blood "speaketh better things than that of Abel".
type	Saved in the ark	1006014-1006014,1007001-1007001,1007016-1007016	Genesis 6:14; Genesis 7:1,16	[[60003020-60003021|1 Peter 3:20-21]]; [[40024037-40024039|Matthew 24:37-39]]; [[43010009-43010009|John 10:9]]	Noah's family were brought safely through the judgement of the flood inside the ark, with its one door. So believers are saved from judgement in Christ.
prophecy	All nations blessed in Abraham	1012003-1012003,1018018-1018018	Genesis 12:3; Genesis 18:18	[[48003008-48003008|Galatians 3:8]]; [[44003025-44003026|Acts 3:25-26]]	God promised that in Abraham all the families of the earth would be blessed. Paul calls this the gospel preached beforehand, fulfilled as the nations are blessed in Christ.
type	Melchizedek, priest and king	1014018-1014020	Genesis 14:18-20	[[58005006-58005010|Hebrews 5:6-10]]; [[58007001-58007017|Hebrews 7:1-17]]	King of righteousness and of peace, bringing bread and wine, priest of the most high God with no recorded beginning or end. Hebrews says Christ is a priest for ever in his order.
type	Abraham offers his only son	1022002-1022002,1022006-1022008,1022012-1022014	Genesis 22:2,6-8,12-14	[[43001029-43001029|John 1:29]]; [[43003016-43003016|John 3:16]]; [[45008032-45008032|Romans 8:32]]; [[58011017-58011019|Hebrews 11:17-19]]	A father offers his beloved only son on Moriah; the son carries the wood up the hill; "God will provide himself a lamb"; a ram dies in his place. A picture of the Father giving his Son.
prophecy	Abraham's seed	1022018-1022018,1026004-1026004,1028014-1028014	Genesis 22:18; Genesis 26:4; Genesis 28:14	[[48003016-48003016|Galatians 3:16]]; [[44003025-44003026|Acts 3:25-26]]	"In thy seed shall all the nations of the earth be blessed." Paul points out that it says seed, not seeds: "which is Christ".
type	Jacob's ladder	1028012-1028013	Genesis 28:12-13	[[43001051-43001051|John 1:51]]	Jacob saw a ladder joining earth to heaven, with angels going up and down. Jesus said this is the Son of Man: he is the way between heaven and earth.
type	Joseph, rejected and then the saviour	1037003-1037004,1037026-1037028,1045004-1045007,1050020-1050020	Genesis 37:3-4,26-28; Genesis 45:4-7; Genesis 50:20	[[44007009-44007014|Acts 7:9-14]]; [[44002023-44002024|Acts 2:23-24]]; [[44003013-44003015|Acts 3:13-15]]	Loved by his father, hated and sold by his brothers for silver, Joseph was raised to the right hand of the king and saved the brothers who betrayed him. A picture of Christ.
prophecy	The sceptre of Judah	1049010-1049010	Genesis 49:10	[[58007014-58007014|Hebrews 7:14]]; [[66005005-66005005|Revelation 5:5]]; [[42001032-42001033|Luke 1:32-33]]	The ruler's sceptre would not leave Judah "until Shiloh come", and the peoples would gather to him. Christ came from Judah, the Lion of the tribe of Judah, King for ever.
type	Moses the deliverer, refused	2002014-2002014,2003010-2003010	Exodus 2:14; Exodus 3:10	[[44007035-44007037|Acts 7:35-37]]; [[58003001-58003006|Hebrews 3:1-6]]	Moses was first refused by his own people ("Who made thee a prince?") and then sent by God to deliver them. Stephen says Christ was rejected in the same way, and is the greater deliverer.
type	The Passover lamb	2012003-2012003,2012005-2012007,2012013-2012013,2012046-2012046,4009012-4009012	Exodus 12:3,5-7,13,46; Numbers 9:12	[[46005007-46005007|1 Corinthians 5:7]]; [[43001029-43001029|John 1:29]]; [[43019036-43019036|John 19:36]]; [[60001018-60001019|1 Peter 1:18-19]]	A lamb without blemish was killed and its blood put on the door, and death passed over that house; not a bone of it was to be broken. "Christ our passover is sacrificed for us."
type	Manna, bread from heaven	2016004-2016004,2016014-2016015	Exodus 16:4,14-15	[[43006031-43006051|John 6:31-35,48-51]]	God fed Israel in the wilderness with bread from heaven. Jesus said: "I am the bread of life... the living bread which came down from heaven."
type	The smitten rock	2017006-2017006,4020011-4020011	Exodus 17:6; Numbers 20:11	[[46010004-46010004|1 Corinthians 10:4]]; [[43007037-43007039|John 7:37-39]]	Water flowed from the rock when it was struck, and the people drank. Paul says plainly, "that Rock was Christ"; struck once, he gives living water.
type	God dwelling among his people	2025008-2025009,2040034-2040034	Exodus 25:8-9; Exodus 40:34	[[43001014-43001014|John 1:14]]; [[58009011-58009011|Hebrews 9:11]]; [[51002009-51002009|Colossians 2:9]]	The tabernacle was God's tent among Israel, filled with his glory. "The Word was made flesh, and dwelt (tabernacled) among us, and we beheld his glory."
type	The mercy seat	2025017-2025022	Exodus 25:17-22	[[45003025-45003025|Romans 3:25]]; [[58009005-58009005|Hebrews 9:5]]; [[62002002-62002002|1 John 2:2]]	On the lid of the ark the blood of atonement was sprinkled and God met with his people. Paul calls Christ the propitiation, the same word as mercy seat.
type	The veil before the holiest	2026031-2026033	Exodus 26:31-33	[[58010019-58010020|Hebrews 10:19-20]]; [[40027051-40027051|Matthew 27:51]]	The veil shut the way into God's presence. When Christ died it was torn from top to bottom; Hebrews says the veil is his flesh, the new and living way.
type	The high priest	2028001-2028001,2028029-2028029,2028036-2028038	Exodus 28:1,29,36-38	[[58004014-58004016|Hebrews 4:14-16]]; [[58007024-58007027|Hebrews 7:24-27]]; [[58009011-58009012|Hebrews 9:11-12]]	Aaron bore the names of the tribes on his heart before God and bore the iniquity of their gifts. Christ is the great high priest who lives for ever to intercede for his people.
type	The burnt offering	3001003-3001004,3001009-3001009	Leviticus 1:3-4,9	[[49005002-49005002|Ephesians 5:2]]; [[58010005-58010010|Hebrews 10:5-10]]	A male without blemish, wholly given up to God, a sweet savour, accepted for the one who brought it. Christ "hath given himself for us an offering and a sacrifice to God for a sweetsmelling savour".
type	The sin offering, burned outside the camp	3004012-3004012,3004029-3004029,3016027-3016027	Leviticus 4:12,29; Leviticus 16:27	[[47005021-47005021|2 Corinthians 5:21]]; [[58013011-58013012|Hebrews 13:11-12]]	The sinner laid his hand on the animal, which died for his sin, and its body was burned outside the camp. So Jesus, made sin for us, "suffered without the gate".
type	Life is in the blood	3017011-3017011	Leviticus 17:11	[[58009022-58009022|Hebrews 9:22]]; [[49001007-49001007|Ephesians 1:7]]; [[62001007-62001007|1 John 1:7]]	God gave the blood on the altar to make atonement for souls. "Without shedding of blood is no remission": the blood of Christ cleanses from all sin.
type	The Day of Atonement and the scapegoat	3016015-3016016,3016021-3016022,3016030-3016030	Leviticus 16:15-16,21-22,30	[[58009007-58009028|Hebrews 9:7-12,24-28]]; [[43001029-43001029|John 1:29]]	Once a year the high priest took blood into the holiest place, and a goat carried the people's sins away into the wilderness. Christ entered heaven once for all with his own blood and took away sin.
type	Firstfruits	3023010-3023011	Leviticus 23:10-11	[[46015020-46015023|1 Corinthians 15:20-23]]	The first sheaf of the harvest was waved before the LORD the day after the sabbath. Christ rose on that day, "the firstfruits of them that slept", the pledge of the harvest to come.
type	The red heifer	4019002-4019004,4019009-4019009	Numbers 19:2-4,9	[[58009013-58009014|Hebrews 9:13-14]]; [[58013012-58013012|Hebrews 13:12]]	A heifer without spot, slain outside the camp, whose ashes cleansed the unclean. Hebrews: how much more shall the blood of Christ purge your conscience.
type	The bronze serpent	4021008-4021009	Numbers 21:8-9	[[43003014-43003015|John 3:14-15]]	Whoever looked at the serpent lifted up on the pole lived. Jesus: "As Moses lifted up the serpent in the wilderness, even so must the Son of man be lifted up."
prophecy	A Star out of Jacob	4024017-4024017	Numbers 24:17	[[40002002-40002002|Matthew 2:2]]; [[66022016-66022016|Revelation 22:16]]; [[42001078-42001079|Luke 1:78-79]]	Balaam saw a Star come out of Jacob and a Sceptre rise out of Israel. Christ is "the bright and morning star", the King whose star the wise men followed.
type	The city of refuge	4035011-4035012,4035025-4035025	Numbers 35:11-12,25	[[58006018-58006020|Hebrews 6:18-20]]	The one who fled to a city of refuge was safe from the avenger, until the high priest died. Believers "have fled for refuge" to Christ, the high priest who lives for ever.
prophecy	A prophet like Moses	5018015-5018015,5018018-5018019	Deuteronomy 18:15,18-19	[[44003022-44003026|Acts 3:22-26]]; [[44007037-44007037|Acts 7:37]]; [[43006014-43006014|John 6:14]]; [[43001045-43001045|John 1:45]]	God promised to raise up a prophet like Moses, with his words in his mouth, whom all must hear. Peter and Stephen preached that this prophet is Jesus.
type	Hanged on a tree	5021023-5021023	Deuteronomy 21:23	[[48003013-48003013|Galatians 3:13]]; [[44005030-44005030|Acts 5:30]]; [[60002024-60002024|1 Peter 2:24]]	"He that is hanged is accursed of God." Paul quotes this of the cross: Christ redeemed us from the curse of the law, being made a curse for us.
type	The bread and the lampstand	2025030-2025031,2025037-2025037	Exodus 25:30-31,37	[[43006035-43006035|John 6:35]]; [[43008012-43008012|John 8:12]]; [[66001012-66001013|Revelation 1:12-13]]	The bread of the presence lay always before the LORD, and the golden lampstand gave the only light in the holy place. Jesus: "I am the bread of life" and "I am the light of the world."
type	The altar of sacrifice	2027001-2027002	Exodus 27:1-2	[[58013010-58013012|Hebrews 13:10-12]]; [[58010010-58010014|Hebrews 10:10-14]]	At the bronze altar, outside the tent, every sacrifice was offered; no one came to God without passing it. "We have an altar": the cross where Christ offered himself once for all.
type	The lamb morning and evening	2029038-2029042	Exodus 29:38-42	[[43001029-43001029|John 1:29]]; [[58007027-58007027|Hebrews 7:27]]; [[58010011-58010012|Hebrews 10:11-12]]	Every day a lamb was offered in the morning and another in the evening, without end. Christ, the Lamb of God, offered one sacrifice for sins for ever.
type	The altar of incense	2030001-2030001,2030006-2030008	Exodus 30:1,6-8	[[58007025-58007025|Hebrews 7:25]]; [[45008034-45008034|Romans 8:34]]; [[66008003-66008004|Revelation 8:3-4]]	Incense burned before the veil morning and evening, a picture of prayer rising to God. Christ "ever liveth to make intercession" for his people.
type	The peace offering	3003001-3003002,3003005-3003005	Leviticus 3:1-2,5	[[49002013-49002017|Ephesians 2:13-17]]; [[51001020-51001020|Colossians 1:20]]	A sacrifice shared with God and the worshipper in fellowship. Christ "is our peace", having made peace through the blood of his cross.
type	The cleansing of the leper	3014004-3014007	Leviticus 14:4-7	[[41001040-41001042|Mark 1:40-42]]; [[58009013-58009014|Hebrews 9:13-14]]; [[58010022-58010022|Hebrews 10:22]]	One bird was killed over running water, and the living bird, dipped in its blood, was let go: the leper was clean. A picture of Christ's death and resurrection cleansing the sinner.
type	The year of jubilee	3025009-3025010	Leviticus 25:9-10	[[42004018-42004021|Luke 4:18-21]]; [[48005001-48005001|Galatians 5:1]]	On the Day of Atonement the trumpet sounded liberty throughout the land; debts were cancelled and the captive went home. Jesus came "to preach deliverance to the captives... the acceptable year of the Lord".
type	Aaron's rod that budded	4017008-4017008,4017010-4017010	Numbers 17:8,10	[[58009004-58009004|Hebrews 9:4]]; [[58005004-58005006|Hebrews 5:4-6]]; [[45001004-45001004|Romans 1:4]]	A dead rod brought forth buds, blossoms and almonds overnight, showing whom God had chosen as priest. Traditionally a picture of Christ, the chosen priest, raised to life.
prophecy	The nations against the LORD's anointed	19002001-19002002	Psalms 2:1-2	[[44004025-44004028|Acts 4:25-28]]	The kings of the earth set themselves against the LORD and his anointed. The apostles prayed that this was fulfilled when Herod, Pilate, the Gentiles and Israel gathered against Jesus.
prophecy	Thou art my Son	19002007-19002009,19002012-19002012	Psalms 2:7-9,12	[[44013033-44013033|Acts 13:33]]; [[58001005-58001005|Hebrews 1:5]]; [[58005005-58005005|Hebrews 5:5]]; [[40003017-40003017|Matthew 3:17]]; [[66002027-66002027|Revelation 2:27]]; [[66019015-66019015|Revelation 19:15]]	"Thou art my Son; this day have I begotten thee." The New Testament applies this to Jesus, declared the Son of God with power by his resurrection, who will rule the nations.
prophecy	Out of the mouth of babes	19008002-19008002	Psalms 8:2	[[40021015-40021016|Matthew 21:15-16]]	When the children in the temple cried "Hosanna to the Son of David", Jesus answered with this verse: God has perfected praise out of the mouths of babes.
prophecy	Crowned with glory, all things under his feet	19008004-19008006	Psalms 8:4-6	[[58002006-58002009|Hebrews 2:6-9]]; [[46015027-46015027|1 Corinthians 15:27]]; [[49001022-49001022|Ephesians 1:22]]	Man made a little lower than the angels and crowned with glory. Hebrews: "we see Jesus", who for the suffering of death is crowned with glory, with all things put under him.
prophecy	Not left in the grave	19016008-19016011	Psalms 16:8-11	[[44002025-44002032|Acts 2:25-32]]; [[44013035-44013037|Acts 13:35-37]]	"Thou wilt not leave my soul in hell; neither wilt thou suffer thine Holy One to see corruption." Peter and Paul preach that David spoke of the resurrection of Christ.
prophecy	My God, why hast thou forsaken me?	19022001-19022001	Psalms 22:1	[[40027046-40027046|Matthew 27:46]]; [[41015034-41015034|Mark 15:34]]	Jesus cried the first words of this psalm from the cross. The whole psalm, written a thousand years before, describes the crucifixion.
prophecy	Mocked by those who watched	19022006-19022008	Psalms 22:6-8	[[40027039-40027044|Matthew 27:39-44]]; [[42023035-42023035|Luke 23:35]]	Despised by the people, they shake the head: "He trusted on the LORD that he would deliver him." The rulers used almost these words as they mocked Jesus on the cross.
prophecy	They pierced my hands and my feet	19022014-19022017	Psalms 22:14-17	[[43019028-43019028|John 19:28]]; [[43020025-43020027|John 20:25-27]]; [[42024039-42024040|Luke 24:39-40]]	Poured out like water, bones out of joint, tongue cleaving to the jaws, hands and feet pierced. A picture of crucifixion, a death not yet known when it was written.
prophecy	They part my garments	19022018-19022018	Psalms 22:18	[[43019023-43019024|John 19:23-24]]; [[40027035-40027035|Matthew 27:35]]	"They part my garments among them, and cast lots upon my vesture." The soldiers did exactly this at the foot of the cross.
prophecy	All the ends of the world shall turn	19022027-19022031	Psalms 22:27-31	[[66007009-66007010|Revelation 7:9-10]]; [[43019030-43019030|John 19:30]]; [[44013047-44013047|Acts 13:47]]	The psalm of the cross ends in triumph: all the nations turn to the LORD, and his righteousness is declared, "that he hath done this". Fulfilled as the gospel goes to all nations.
prophecy	I will declare thy name unto my brethren	19022022-19022022	Psalms 22:22	[[58002011-58002012|Hebrews 2:11-12]]	After the suffering, praise. Hebrews puts these words in Christ's mouth: he is not ashamed to call his people brethren.
type	The LORD is my shepherd	19023001-19023001	Psalms 23:1	[[43010011-43010014|John 10:11,14]]; [[58013020-58013020|Hebrews 13:20]]; [[60002025-60002025|1 Peter 2:25]]	The LORD is the shepherd of his people. Jesus says, "I am the good shepherd: the good shepherd giveth his life for the sheep."
prophecy	The King of glory	19024007-19024010	Psalms 24:7-10	[[46002008-46002008|1 Corinthians 2:8]]; [[49004008-49004010|Ephesians 4:8-10]]	"Lift up your heads, O ye gates; and the King of glory shall come in." Traditionally sung of Christ's ascension; Paul calls Jesus "the Lord of glory".
prophecy	Into thine hand I commit my spirit	19031005-19031005	Psalms 31:5	[[42023046-42023046|Luke 23:46]]	Jesus' last words on the cross were these: "Father, into thy hands I commend my spirit."
prophecy	Not one of his bones broken	19034020-19034020	Psalms 34:20	[[43019032-43019036|John 19:32-36]]	The soldiers broke the legs of the two thieves but not of Jesus, who was already dead, "that the scripture should be fulfilled, A bone of him shall not be broken."
prophecy	False witnesses and hatred without a cause	19035011-19035011,19035019-19035019,19069004-19069004	Psalms 35:11,19; Psalms 69:4	[[40026059-40026061|Matthew 26:59-61]]; [[43015025-43015025|John 15:25]]	False witnesses rose up; "they hated me without a cause". Jesus said this word was fulfilled in him.
prophecy	Lo, I come to do thy will	19040006-19040008	Psalms 40:6-8	[[58010005-58010010|Hebrews 10:5-10]]	Sacrifices God did not desire, but "Lo, I come... I delight to do thy will". Hebrews says Christ spoke these words coming into the world, and by that will we are sanctified through his body offered once for all.
prophecy	Betrayed by a close friend	19041009-19041009	Psalms 41:9	[[43013018-43013027|John 13:18,21-27]]; [[40026023-40026023|Matthew 26:23]]	"Mine own familiar friend, in whom I trusted, which did eat of my bread, hath lifted up his heel against me." Jesus quoted this of Judas at the Last Supper.
prophecy	Thy throne, O God, is for ever	19045006-19045007	Psalms 45:6-7	[[58001008-58001009|Hebrews 1:8-9]]	The royal psalm calls the king God, anointed with the oil of gladness above his fellows. Hebrews says God says this "unto the Son".
prophecy	Let all the gods worship him	19097007-19097007	Psalms 97:7	[[58001006-58001006|Hebrews 1:6]]	"Worship him, all ye gods." Hebrews applies this to the Son: "when he bringeth in the firstbegotten into the world, he saith, And let all the angels of God worship him."
prophecy	Ascended on high	19068018-19068018	Psalms 68:18	[[49004008-49004010|Ephesians 4:8-10]]	"Thou hast ascended on high, thou hast led captivity captive: thou hast received gifts for men." Paul applies it to Christ's ascension and the gifts he gives his church.
prophecy	Zeal for thy house	19069008-19069009	Psalms 69:8-9	[[43002017-43002017|John 2:17]]; [[43007005-43007005|John 7:5]]; [[45015003-45015003|Romans 15:3]]	A stranger to his brothers, eaten up with zeal for God's house, bearing the reproaches meant for God. The disciples remembered this when Jesus cleared the temple.
prophecy	Vinegar to drink	19069021-19069021	Psalms 69:21	[[40027034-40027048|Matthew 27:34,48]]; [[43019028-43019030|John 19:28-30]]	"In my thirst they gave me vinegar to drink." On the cross Jesus said "I thirst", and was given vinegar.
prophecy	Another shall take his office	19069025-19069025,19109008-19109008	Psalms 69:25; Psalms 109:8	[[44001016-44001020|Acts 1:16-20]]	Peter quoted these verses of Judas, who betrayed Jesus, when the apostles chose another to take his place.
prophecy	Kings bring gifts	19072010-19072011,19072017-19072017	Psalms 72:10-11,17	[[40002001-40002011|Matthew 2:1-11]]; [[66021024-66021024|Revelation 21:24]]	Kings shall bring presents and all nations shall serve him and call him blessed. The wise men from the east brought gifts to the infant Christ.
prophecy	Speaking in parables	19078002-19078002	Psalms 78:2	[[40013034-40013035|Matthew 13:34-35]]	"I will open my mouth in a parable: I will utter dark sayings of old." Matthew says Jesus taught in parables to fulfil this.
prophecy	David's seed for ever	19089003-19089004,19089027-19089029,19089035-19089036	Psalms 89:3-4,27-29,35-36	[[42001032-42001033|Luke 1:32-33]]; [[44002030-44002030|Acts 2:30]]; [[66001005-66001005|Revelation 1:5]]	God swore that David's seed would endure for ever and his throne as the days of heaven; "I will make him my firstborn, higher than the kings of the earth". Fulfilled in Christ.
prophecy	Thou art the same	19102025-19102027	Psalms 102:25-27	[[58001010-58001012|Hebrews 1:10-12]]; [[58013008-58013008|Hebrews 13:8]]	The heavens will perish, "but thou art the same, and thy years shall have no end". Hebrews says this is spoken to the Son, the Creator.
prophecy	Sit thou at my right hand	19110001-19110002	Psalms 110:1-2	[[40022041-40022045|Matthew 22:41-45]]; [[44002034-44002036|Acts 2:34-36]]; [[58001013-58001013|Hebrews 1:13]]; [[58010012-58010013|Hebrews 10:12-13]]	"The LORD said unto my Lord, Sit thou at my right hand." Jesus asked how David's son could be David's Lord; the apostles preach him seated at God's right hand. The verse the New Testament quotes most.
prophecy	A priest for ever	19110004-19110004	Psalms 110:4	[[58005006-58005006|Hebrews 5:6]]; [[58007017-58007025|Hebrews 7:17-25]]	"Thou art a priest for ever after the order of Melchizedek." Hebrews builds on this oath: Christ, King and Priest, lives for ever to make intercession.
prophecy	The rejected stone	19118022-19118023	Psalms 118:22-23	[[40021042-40021042|Matthew 21:42]]; [[44004010-44004012|Acts 4:10-12]]; [[60002007-60002007|1 Peter 2:7]]	"The stone which the builders refused is become the head stone of the corner." Jesus applied it to himself, and Peter preached it of his rejection and resurrection.
prophecy	Blessed is he that cometh	19118026-19118026	Psalms 118:26	[[40021009-40021009|Matthew 21:9]]; [[40023039-40023039|Matthew 23:39]]; [[43012013-43012013|John 12:13]]	The crowds sang this psalm as Jesus rode into Jerusalem: "Blessed is he that cometh in the name of the Lord."
prophecy	Of the fruit of thy body upon thy throne	19132011-19132011,19132017-19132017	Psalms 132:11,17	[[44002030-44002030|Acts 2:30]]; [[42001069-42001069|Luke 1:69]]	God swore to David that of the fruit of his body he would set one on his throne. Peter says David, a prophet, knew this and spoke of the resurrection of Christ.
type	Wisdom with God at creation	20008022-20008031	Proverbs 8:22-31	[[43001001-43001003|John 1:1-3]]; [[51001015-51001017|Colossians 1:15-17]]; [[46001024-46001030|1 Corinthians 1:24,30]]	Wisdom was with the LORD before the world, beside him as he made all things, his daily delight. Traditionally read of Christ, "the wisdom of God", by whom all things were made.
prophecy	Isaiah saw his glory	23006001-23006003	Isaiah 6:1-3	[[43012041-43012041|John 12:41]]	Isaiah saw the Lord on his throne, high and lifted up, and heard "Holy, holy, holy". John says, "These things said Esaias, when he saw his glory, and spake of him": of Jesus.
prophecy	A virgin shall conceive: Immanuel	23007014-23007014	Isaiah 7:14	[[40001022-40001023|Matthew 1:22-23]]; [[42001026-42001035|Luke 1:26-35]]	"A virgin shall conceive, and bear a son, and shall call his name Immanuel", God with us. Matthew says Jesus' birth of the virgin Mary fulfilled it.
prophecy	A stone of stumbling	23008014-23008014	Isaiah 8:14	[[45009032-45009033|Romans 9:32-33]]; [[60002007-60002008|1 Peter 2:7-8]]	The LORD would be a sanctuary, but a stone of stumbling to both houses of Israel. Paul and Peter say Christ is this stone, a refuge to those who trust and a stumbling block to those who refuse.
prophecy	A great light in Galilee	23009001-23009002	Isaiah 9:1-2	[[40004012-40004017|Matthew 4:12-17]]	The people of Galilee of the nations, who walked in darkness, have seen a great light. Matthew says this was fulfilled when Jesus began to preach there.
prophecy	Unto us a child is born	23009006-23009007	Isaiah 9:6-7	[[42001032-42001033|Luke 1:32-33]]; [[42002011-42002011|Luke 2:11]]; [[43001001-43001014|John 1:1,14]]	A child born, a son given, called Wonderful, Counsellor, The mighty God, The everlasting Father, The Prince of Peace, on David's throne for ever. Fulfilled in Jesus.
prophecy	A rod out of the stem of Jesse	23011001-23011005,23011010-23011010	Isaiah 11:1-5,10	[[45015012-45015012|Romans 15:12]]; [[66005005-66005005|Revelation 5:5]]; [[66022016-66022016|Revelation 22:16]]; [[40003016-40003016|Matthew 3:16]]; [[44013022-44013023|Acts 13:22-23]]	A shoot from the stump of Jesse (David's father), with the Spirit of the LORD resting on him, judging in righteousness; the Gentiles shall seek him. Fulfilled in Christ, the root and offspring of David.
prophecy	The key of David	23022022-23022022	Isaiah 22:22	[[66003007-66003007|Revelation 3:7]]	"The key of the house of David will I lay upon his shoulder; so he shall open, and none shall shut." Jesus applies it to himself: "he that hath the key of David".
prophecy	Death swallowed up in victory	23025008-23025008	Isaiah 25:8	[[46015054-46015057|1 Corinthians 15:54-57]]; [[66021004-66021004|Revelation 21:4]]	"He will swallow up death in victory; and the Lord GOD will wipe away tears from off all faces." Fulfilled in Christ's resurrection and, in full, at his return.
prophecy	A sure foundation in Zion	23028016-23028016	Isaiah 28:16	[[45009033-45009033|Romans 9:33]]; [[45010011-45010011|Romans 10:11]]; [[60002004-60002006|1 Peter 2:4-6]]; [[49002020-49002020|Ephesians 2:20]]	A tried stone, a precious corner stone, a sure foundation; "he that believeth shall not make haste". Paul and Peter say this stone is Christ.
prophecy	The blind see, the lame leap	23035004-23035006	Isaiah 35:4-6	[[40011002-40011006|Matthew 11:2-6]]; [[42007020-42007022|Luke 7:20-22]]	"Your God will come... Then the eyes of the blind shall be opened." When John the Baptist asked if Jesus was the one, Jesus pointed to these very signs.
prophecy	Prepare ye the way of the LORD	23040003-23040005	Isaiah 40:3-5	[[40003001-40003003|Matthew 3:1-3]]; [[43001023-43001023|John 1:23]]; [[42003004-42003006|Luke 3:4-6]]	A voice in the wilderness prepares the way of the LORD, and all flesh shall see his glory. John the Baptist was that voice; the LORD whose way he prepared was Jesus.
prophecy	He shall feed his flock like a shepherd	23040009-23040011	Isaiah 40:9-11	[[43010011-43010016|John 10:11-16]]; [[58013020-58013020|Hebrews 13:20]]; [[60005004-60005004|1 Peter 5:4]]	"Behold your God!" He comes with strength, and feeds his flock like a shepherd, carrying the lambs. Jesus, the good shepherd, is God come to his people.
prophecy	My servant, in whom my soul delighteth	23042001-23042004	Isaiah 42:1-4	[[40012015-40012021|Matthew 12:15-21]]; [[40003016-40003017|Matthew 3:16-17]]	God's chosen servant, with his Spirit on him, gentle (he will not break a bruised reed), bringing justice to the Gentiles. Matthew says this is Jesus.
prophecy	A light of the Gentiles	23042006-23042007,23049006-23049006	Isaiah 42:6-7; Isaiah 49:6	[[42002030-42002032|Luke 2:30-32]]; [[44013047-44013047|Acts 13:47]]; [[44026023-44026023|Acts 26:23]]; [[43008012-43008012|John 8:12]]	The servant is a covenant for the people and a light to the nations, opening blind eyes, God's salvation to the end of the earth. Simeon held the baby Jesus and called him "a light to lighten the Gentiles".
prophecy	Every knee shall bow	23045022-23045023	Isaiah 45:22-23	[[50002009-50002011|Philippians 2:9-11]]; [[45014010-45014011|Romans 14:10-11]]	"Unto me every knee shall bow, every tongue shall swear." Paul applies these words, spoken by the LORD, to Jesus: every knee shall bow at his name.
prophecy	I gave my back to the smiters	23050006-23050006	Isaiah 50:6	[[40026067-40026067|Matthew 26:67]]; [[40027026-40027030|Matthew 27:26-30]]; [[43019001-43019003|John 19:1-3]]	"I gave my back to the smiters, and my cheeks to them that plucked off the hair: I hid not my face from shame and spitting." So Jesus was beaten, spat on and scourged.
prophecy	My servant shall be exalted	23052013-23052015	Isaiah 52:13-15	[[50002007-50002011|Philippians 2:7-11]]; [[45015021-45015021|Romans 15:21]]; [[44003013-44003013|Acts 3:13]]	The servant will be lifted up very high, after his face was marred more than any man's, and he shall sprinkle many nations. The start of Isaiah's song of the suffering servant.
prophecy	Despised and rejected of men	23053001-23053003	Isaiah 53:1-3	[[43012037-43012038|John 12:37-38]]; [[45010016-45010016|Romans 10:16]]; [[43001010-43001011|John 1:10-11]]; [[41009012-41009012|Mark 9:12]]	Who has believed? He grew up with no beauty to draw us; despised and rejected, a man of sorrows, acquainted with grief. So Jesus was rejected by his own.
prophecy	Wounded for our transgressions	23053004-23053006	Isaiah 53:4-6	[[40008016-40008017|Matthew 8:16-17]]; [[60002024-60002025|1 Peter 2:24-25]]; [[45004025-45004025|Romans 4:25]]; [[47005021-47005021|2 Corinthians 5:21]]	"He was wounded for our transgressions... with his stripes we are healed... the LORD hath laid on him the iniquity of us all." The heart of the gospel: Christ died in our place.
prophecy	As a lamb to the slaughter	23053007-23053008	Isaiah 53:7-8	[[44008030-44008035|Acts 8:30-35]]; [[40026062-40026063|Matthew 26:62-63]]; [[40027012-40027014|Matthew 27:12-14]]; [[60002023-60002023|1 Peter 2:23]]	Oppressed and afflicted, he opened not his mouth, led as a lamb to the slaughter, cut off for the transgression of my people. Philip began at this scripture and preached Jesus.
prophecy	With the rich in his death	23053009-23053009	Isaiah 53:9	[[40027057-40027060|Matthew 27:57-60]]; [[60002022-60002022|1 Peter 2:22]]	He made his grave with the wicked, and with the rich in his death, though he had done no violence. Jesus died between thieves and was buried in a rich man's tomb.
prophecy	He shall see his seed	23053010-23053012	Isaiah 53:10-12	[[42022037-42022037|Luke 22:37]]; [[41015027-41015028|Mark 15:27-28]]; [[58007025-58007025|Hebrews 7:25]]; [[58009028-58009028|Hebrews 9:28]]; [[45005019-45005019|Romans 5:19]]	An offering for sin, yet he shall prolong his days and see his seed; he bore the sin of many, was numbered with the transgressors, and made intercession for them. His death, resurrection and prayer for us.
prophecy	The sure mercies of David	23055003-23055004	Isaiah 55:3-4	[[44013034-44013034|Acts 13:34]]	"I will make an everlasting covenant with you, even the sure mercies of David." Paul preached that God gave these by raising Jesus from the dead, no more to return to corruption.
prophecy	The Redeemer shall come to Zion	23059020-23059020	Isaiah 59:20	[[45011026-45011027|Romans 11:26-27]]	"The Redeemer shall come to Zion, and unto them that turn from transgression in Jacob." Paul quotes it of Christ: "There shall come out of Sion the Deliverer."
prophecy	The Spirit of the Lord is upon me	23061001-23061002	Isaiah 61:1-2	[[42004016-42004021|Luke 4:16-21]]	Anointed to preach good tidings to the meek, bind up the brokenhearted, proclaim liberty to the captives. Jesus read this in the synagogue at Nazareth and said, "This day is this scripture fulfilled in your ears."
prophecy	Behold, thy salvation cometh	23062011-23062011	Isaiah 62:11	[[40021004-40021005|Matthew 21:4-5]]	"Say ye to the daughter of Zion, Behold, thy salvation cometh." Matthew joins this to Zechariah's words when Jesus rides into Jerusalem.
prophecy	Treading the winepress alone	23063001-23063003	Isaiah 63:1-3	[[66019013-66019015|Revelation 19:13-15]]	One comes in garments red from treading the winepress of God's wrath alone. Revelation shows Christ, in a vesture dipped in blood, treading the winepress of the wrath of God.
prophecy	The righteous Branch: The LORD our righteousness	24023005-24023006,24033015-24033016	Jeremiah 23:5-6; Jeremiah 33:15-16	[[42001031-42001033|Luke 1:31-33]]; [[46001030-46001030|1 Corinthians 1:30]]; [[45003022-45003022|Romans 3:22]]	A righteous Branch raised up to David, a King who shall reign and prosper, whose name is THE LORD OUR RIGHTEOUSNESS. Christ is made unto us righteousness.
prophecy	Rachel weeping for her children	24031015-24031015	Jeremiah 31:15	[[40002016-40002018|Matthew 2:16-18]]	"Rachel weeping for her children refused to be comforted." Matthew says this was fulfilled when Herod killed the boys of Bethlehem, trying to kill the infant Jesus.
prophecy	A new covenant	24031031-24031034	Jeremiah 31:31-34	[[42022020-42022020|Luke 22:20]]; [[58008006-58008013|Hebrews 8:6-13]]; [[58010015-58010018|Hebrews 10:15-18]]	God promised a new covenant: his law written on the heart, and sins remembered no more. At the Last Supper Jesus said, "This cup is the new testament in my blood."
prophecy	One shepherd, my servant David	26034023-26034024,26037024-26037025	Ezekiel 34:23-24; Ezekiel 37:24-25	[[43010011-43010016|John 10:11,14-16]]; [[58013020-58013020|Hebrews 13:20]]; [[42001032-42001032|Luke 1:32]]	God will set up one shepherd over his flock, "my servant David", their prince for ever. Written long after David died: fulfilled in Jesus, the Son of David and the good shepherd.
prophecy	The stone cut without hands	27002034-27002035,27002044-27002045	Daniel 2:34-35,44-45	[[42020017-42020018|Luke 20:17-18]]; [[66011015-66011015|Revelation 11:15]]	A stone cut out without hands breaks the kingdoms of the world and becomes a mountain filling the earth: God's kingdom that shall never be destroyed. The kingdom of Christ.
prophecy	One like the Son of man	27007013-27007014	Daniel 7:13-14	[[40026063-40026064|Matthew 26:63-64]]; [[41014061-41014062|Mark 14:61-62]]; [[66001007-66001013|Revelation 1:7,13]]	One like the Son of man comes with the clouds of heaven and is given an everlasting kingdom. "Son of man" was Jesus' own name for himself, and he quoted this at his trial.
prophecy	Messiah the Prince cut off	27009024-27009026	Daniel 9:24-26	[[48004004-48004004|Galatians 4:4]]; [[41001015-41001015|Mark 1:15]]; [[58009026-58009028|Hebrews 9:26-28]]	Seventy weeks to finish transgression, make reconciliation for iniquity and bring in everlasting righteousness; Messiah the Prince shall be cut off, but not for himself. Traditionally read of the time of Christ's coming and death.
prophecy	On the third day	28006002-28006002	Hosea 6:2	[[46015003-46015004|1 Corinthians 15:3-4]]; [[42024046-42024046|Luke 24:46]]	"After two days will he revive us: in the third day he will raise us up." Traditionally read of Christ, raised the third day "according to the scriptures".
prophecy	Out of Egypt have I called my son	28011001-28011001	Hosea 11:1	[[40002013-40002015|Matthew 2:13-15]]	God called Israel, his son, out of Egypt. Matthew sees it fulfilled in Jesus, the true Son, brought back from Egypt as a child.
prophecy	O death, where is thy sting?	28013014-28013014	Hosea 13:14	[[46015054-46015057|1 Corinthians 15:54-57]]	"I will ransom them from the power of the grave... O death, I will be thy plagues; O grave, I will be thy destruction." Paul's song of Christ's victory over death.
prophecy	Whosoever shall call on the name of the LORD	29002032-29002032	Joel 2:32	[[45010009-45010013|Romans 10:9-13]]; [[44002021-44002036|Acts 2:21,36]]	Whoever calls on the name of the LORD shall be delivered. Peter and Paul apply it to calling on the name of the Lord Jesus.
prophecy	The tabernacle of David raised	30009011-30009012	Amos 9:11-12	[[44015013-44015018|Acts 15:13-18]]	God will raise up the fallen tabernacle of David, and the nations will be called by his name. James said this is fulfilled as Gentiles come to Christ.
type	Three days in the fish	32001017-32001017	Jonah 1:17	[[40012039-40012041|Matthew 12:39-41]]; [[42011029-42011030|Luke 11:29-30]]	"As Jonas was three days and three nights in the whale's belly; so shall the Son of man be three days and three nights in the heart of the earth." Jesus' sign of his death and resurrection.
prophecy	Out of Bethlehem	33005002-33005002,33005004-33005004	Micah 5:2,4	[[40002001-40002006|Matthew 2:1-6]]; [[43007042-43007042|John 7:42]]	"But thou, Bethlehem... out of thee shall he come forth unto me that is to be ruler in Israel; whose goings forth have been from of old, from everlasting." The scribes told Herod the Christ would be born there.
prophecy	The Branch, priest upon his throne	38003008-38003008,38006012-38006013	Zechariah 3:8; Zechariah 6:12-13	[[58008001-58008001|Hebrews 8:1]]; [[58007024-58007026|Hebrews 7:24-26]]; [[49002020-49002022|Ephesians 2:20-22]]	"My servant the BRANCH" shall build the temple of the LORD and be a priest upon his throne. Christ is both King and Priest, building God's temple, his people.
prophecy	Thy King cometh, riding upon an ass	38009009-38009009	Zechariah 9:9	[[40021001-40021009|Matthew 21:1-9]]; [[43012012-43012016|John 12:12-16]]	"Behold, thy King cometh unto thee: he is just, and having salvation; lowly, and riding upon an ass." Jesus rode into Jerusalem this way to fulfil it.
prophecy	Thirty pieces of silver	38011012-38011013	Zechariah 11:12-13	[[40026014-40026015|Matthew 26:14-15]]; [[40027003-40027010|Matthew 27:3-10]]	The shepherd was valued at thirty pieces of silver, cast to the potter in the house of the LORD. Judas was paid thirty pieces of silver; it went to buy the potter's field.
prophecy	They shall look upon me whom they have pierced	38012010-38012010	Zechariah 12:10	[[43019034-43019037|John 19:34-37]]; [[66001007-66001007|Revelation 1:7]]	"They shall look upon me whom they have pierced, and they shall mourn for him." John saw the soldier pierce Jesus' side and wrote that this scripture was fulfilled.
prophecy	Smite the shepherd	38013007-38013007	Zechariah 13:7	[[40026031-40026056|Matthew 26:31,56]]; [[41014027-41014050|Mark 14:27,50]]	"Smite the shepherd, and the sheep shall be scattered." Jesus quoted it on the night of his arrest, and all the disciples fled.
prophecy	The Lord shall suddenly come to his temple	39003001-39003001	Malachi 3:1	[[40011010-40011010|Matthew 11:10]]; [[41001002-41001002|Mark 1:2]]; [[42002022-42002032|Luke 2:22-32]]; [[42007027-42007027|Luke 7:27]]	God sends his messenger to prepare the way, and the Lord comes suddenly to his temple. Jesus said John was that messenger; Jesus himself came to the temple.
prophecy	The Sun of righteousness	39004002-39004002	Malachi 4:2	[[42001076-42001079|Luke 1:76-79]]; [[43008012-43008012|John 8:12]]	"Unto you that fear my name shall the Sun of righteousness arise with healing in his wings." Zacharias sang of Christ as the dayspring from on high.
prophecy	Elijah the forerunner	39004005-39004006	Malachi 4:5-6	[[40011013-40011014|Matthew 11:13-14]]; [[40017010-40017013|Matthew 17:10-13]]; [[42001017-42001017|Luke 1:17]]	Elijah will come before the great day of the LORD. Jesus said John the Baptist was the Elijah who was to come, going before the Lord Jesus.
prophecy	A throne established in mercy	23016005-23016005	Isaiah 16:5	[[42001031-42001033|Luke 1:31-33]]	"In mercy shall the throne be established: and he shall sit upon it in truth in the tabernacle of David, judging." The angel told Mary her son would sit on David's throne.
prophecy	A king shall reign in righteousness	23032001-23032002	Isaiah 32:1-2	[[58001008-58001009|Hebrews 1:8-9]]; [[40011028-40011029|Matthew 11:28-29]]	A king reigns in righteousness, and a man is a hiding place from the wind and a shelter from the storm. Traditionally read of Christ, the righteous King who gives rest.
prophecy	The first and the last	23044006-23044006,23048012-23048012	Isaiah 44:6; Isaiah 48:12	[[66001017-66001018|Revelation 1:17-18]]; [[66022013-66022013|Revelation 22:13]]	"I am the first, and I am the last; and beside me there is no God." In Revelation the risen Jesus says the same of himself: "I am the first and the last."
prophecy	Called and named from the womb	23049001-23049003,23049005-23049005,23049007-23049007	Isaiah 49:1-3,5,7	[[40001021-40001021|Matthew 1:21]]; [[42001031-42001031|Luke 1:31]]; [[43001011-43001011|John 1:11]]; [[50002009-50002010|Philippians 2:9-10]]	The servant was called from the womb and named before birth, despised by the nation, yet kings shall rise and worship. Jesus was named by the angel before he was born.
prophecy	The tongue of the learned	23050004-23050005,23050007-23050007	Isaiah 50:4-5,7	[[43008028-43008029|John 8:28-29]]; [[43012049-43012050|John 12:49-50]]; [[42009051-42009051|Luke 9:51]]	The servant speaks a word in season to the weary, his ear opened each morning; he sets his face like a flint. Jesus spoke only what the Father taught him and set his face to go to Jerusalem.
prophecy	Gentiles come to thy light	23060001-23060003,23060006-23060006	Isaiah 60:1-3,6	[[40002001-40002011|Matthew 2:1-11]]; [[42002032-42002032|Luke 2:32]]; [[43008012-43008012|John 8:12]]	"The Gentiles shall come to thy light, and kings to the brightness of thy rising"; they bring gold and incense. The wise men brought gold and frankincense to Jesus.
prophecy	David their king	24030009-24030009,28003005-28003005	Jeremiah 30:9; Hosea 3:5	[[42001031-42001033|Luke 1:31-33]]; [[44013022-44013023|Acts 13:22-23]]	They shall serve the LORD their God, "and David their king, whom I will raise up unto them". Written long after David's death: fulfilled in Christ, the Son of David.
prophecy	Until he come whose right it is	26021026-26021027	Ezekiel 21:26-27	[[42001031-42001033|Luke 1:31-33]]; [[66019016-66019016|Revelation 19:16]]	The crown is taken away and overturned "until he come whose right it is; and I will give it him". Traditionally read of Christ, the rightful King.
prophecy	The tender twig on the high mountain	26017022-26017024	Ezekiel 17:22-24	[[40013031-40013032|Matthew 13:31-32]]; [[42001032-42001033|Luke 1:32-33]]	God takes a tender twig from the top of the cedar and plants it on a high mountain, and it becomes a goodly cedar sheltering every bird. Traditionally read of Christ, the shoot of David's line, and his kingdom.
prophecy	The desire of all nations	37002006-37002007,37002009-37002009	Haggai 2:6-7,9	[[58012026-58012028|Hebrews 12:26-28]]; [[42002027-42002032|Luke 2:27-32]]; [[43002019-43002021|John 2:19-21]]	"The desire of all nations shall come: and I will fill this house with glory... The glory of this latter house shall be greater than of the former." Christ came to that temple.
prophecy	I will dwell in the midst of thee	38002010-38002011	Zechariah 2:10-11	[[43001014-43001014|John 1:14]]; [[66021003-66021003|Revelation 21:3]]	"Lo, I come, and I will dwell in the midst of thee, saith the LORD", and many nations shall join themselves to him. God came to dwell among us in Christ.
prophecy	A fountain opened for sin	38013001-38013001	Zechariah 13:1	[[43019034-43019034|John 19:34]]; [[62001007-62001007|1 John 1:7]]; [[66001005-66001005|Revelation 1:5]]	"In that day there shall be a fountain opened... for sin and for uncleanness." Blood and water flowed from Jesus' side; his blood cleanses from all sin.
prophecy	His feet upon the mount of Olives	38014004-38014004,38014009-38014009	Zechariah 14:4,9	[[44001009-44001012|Acts 1:9-12]]; [[66011015-66011015|Revelation 11:15]]	"His feet shall stand in that day upon the mount of Olives", and the LORD shall be king over all the earth. Jesus ascended from the mount of Olives, and the angels said he would come again in like manner.
