kjv	abase,abased,abasing	to bring low; to humble	
kjv	abated	went down; became less	
kjv	abide,abideth,abiding,abode	to stay, remain or live somewhere; abode also means a home	
kjv	abjects	people of no worth; outcasts	Abjects
kjv	abroad	out of doors; far and wide	
kjv	adamant	a very hard stone, like diamond	Adamant
kjv	adjure,adjured	to put someone under oath; to command solemnly	
kjv	admiration	wonder, amazement	
kjv	ado	fuss, uproar	
kjv	advertise	to let someone know; to advise	
kjv	affright,affrighted	to frighten; frightened	
kjv	afore,aforetime,aforehand	before; in former times	
kjv	agone	ago	
kjv	ague	a burning fever	Ague
kjv	ailed,aileth	was troubling; is troubling	
kjv	albeit	although	
kjv	alway	always	
kjv	amerce	to fine someone	
kjv	amiable	lovely, delightful	
kjv	anon	at once, straight away	
kjv	apace	quickly	
kjv	apothecary,apothecaries	a maker of perfumes and ointments	Apothecary
kjv	appertain,appertained,appertaineth	to belong to	
kjv	apparelled	dressed	
kjv	artificer,artificers	a skilled craftsman	Artificer
kjv	asswage,asswaged	to calm or lessen; to go down	
kjv	astonied	astonished, stunned	
kjv	asunder	apart, into pieces	
kjv	athirst	thirsty	
kjv	attent	attentive, listening	
kjv	avouched	declared openly, affirmed	
kjv	awaked	woke up	
kjv	backside	the back or far side	
kjv	bade	told, commanded (past of bid)	
kjv	baken	baked	
kjv	banquetings	wild drinking parties	
kjv	basons,bason	basins, bowls	
kjv	battlement	a low wall around a flat roof	Battlement
kjv	beeves	cattle, oxen	Beeves
kjv	beforetime	in former times	
kjv	beget,begat,begetteth,begettest,begotten	to become the father of; begotten means born, fathered	
kjv	beguile,beguiled,beguiling	to deceive, trick	
kjv	behoved	was right or necessary	
kjv	belied	lied about	
kjv	besom	a broom	Besom
kjv	besought	begged, earnestly asked (past of beseech)	
kjv	beseech,beseeching	to beg, ask earnestly	
kjv	bestead	placed, situated (hard bestead: in trouble)	Bestead
kjv	bestir	to rouse oneself into action	
kjv	betimes	early; in good time	
kjv	betwixt	between	
kjv	bewray,bewrayeth	to reveal or betray	Bewray
kjv	bidden	invited; told	
kjv	blains	boils, blisters	Blains
kjv	bolled	in bud, with seed-pods formed	Bolled
kjv	bolster	a pillow, a headrest	Bolster
kjv	bondmaid,bondmaids,bondwoman,bondwomen	a slave woman	
kjv	bondman,bondmen	a slave	
kjv	bondservice	forced labour, slavery	
kjv	booties	plunder, spoil	
kjv	bottle,bottles	a skin bag for wine or water	Bottle
kjv	bowels	the inner parts; the heart and feelings (affection, compassion)	Bowels
kjv	brasen	made of bronze	
kjv	brake,brakest	broke	
kjv	bray,brayed	to crush or pound (in a mortar)	
kjv	brigandine,brigandines	a coat of armour	Brigandine
kjv	broidered,broided	embroidered; braided	
kjv	bruit	news, a report	Bruit
kjv	buffet,buffeted	to strike with the fist	
kjv	builded	built	
kjv	bullock,bullocks	a young bull	Bullock
kjv	bulwarks	walls or towers of defence	Bulwarks
kjv	burden	a heavy load; also a solemn message from God	Burden
kjv	busybody,busybodies	someone who meddles in other people's business	
kjv	calkers	workers who seal a ship's seams	Calkers
kjv	caul,cauls	a net for the hair; also the membrane around the heart or liver	Caul
kjv	chafed	angry, enraged	
kjv	champaign	open, flat country	
kjv	chapiter,chapiters	the top (capital) of a pillar	Chapiter
kjv	chapmen	traders, merchants	
kjv	charger,chargers	a large flat dish, a platter	Charger
kjv	chesnut	a plane tree	
kjv	chide,chode,chiding	to scold, quarrel	
kjv	churl,churlish	a mean, rude person; rude and mean	Churl
kjv	cieled,cieling	panelled with wood	
kjv	clave,cleaved	stuck to; also split (past of cleave)	
kjv	cleave,cleaveth	to stick fast to; or to split apart	
kjv	clift,clifts	a cleft in a rock	
kjv	cloke	a cloak; also a pretext or cover	
kjv	clouts,clouted	rags; patched	
kjv	cockatrice,cockatrices	a poisonous snake	Cockatrice
kjv	cogitations	thoughts	Cogitations
kjv	collops	folds of fat	
kjv	comely,comeliness	attractive, fitting; beauty	
kjv	commune,communed,communing	to talk together	
kjv	compass,compassed,compasseth,compassing	to surround; to go round	
kjv	concupiscence	strong sinful desire, lust	Concupiscence
kjv	coney,conies	the rock badger (hyrax)	Coney
kjv	confection,confectionaries	a perfume or ointment; perfume makers	Confection
kjv	corn	grain of any kind (wheat, barley), not maize	Corn
kjv	countervail	to make up for, to equal	
kjv	cracknels	small hard cakes	
kjv	cruse	a small jar or flask	Cruse
kjv	cumbered,cumbereth,cumbrance	burdened, distracted; a burden	
kjv	curious	skilfully made; also magic (curious arts)	
kjv	damsel,damsels	a girl, a young woman	
kjv	daysman	an umpire, a go-between who settles a dispute	Daysman
kjv	dayspring	the dawn	Dayspring
kjv	dearth	a famine, a lack of food	Dearth
kjv	delectable	delightful	
kjv	descry	to spy out, explore	
kjv	divers	various, many different	
kjv	doctors	teachers	
kjv	dote	to be foolish; to lust after	
kjv	draught	a catch of fish; also a toilet (draught house)	
kjv	drave	drove	
kjv	dulcimer	a musical instrument, probably a bagpipe	Dulcimer
kjv	dumb	unable to speak	Dumb
kjv	durst	dared	
kjv	eared,earing	ploughed; ploughing	Earing
kjv	emerods	tumours, swellings	
kjv	endued	given, endowed	
kjv	enjoined	commanded	
kjv	ensample,ensamples	an example	
kjv	ensign,ensigns	a flag or banner	Ensign
kjv	ensue	to pursue, follow after	
kjv	environ	to surround	
kjv	ere	before	
kjv	eschew,eschewed,escheweth	to avoid, shun	Eschew
kjv	espied,espy	saw, caught sight of	
kjv	espousals,espoused	engagement to marry; engaged	
kjv	estate,estates	condition, rank in life	
kjv	eventide,eveningtide	evening	
kjv	evilfavouredness	ugliness, a defect	
kjv	exactor,exactors	a tax collector, an oppressor	
kjv	execration	a curse	
kjv	experiment	proof, a test	
kjv	fain	gladly, eagerly	
kjv	fats,winefat,pressfat	vats for pressing grapes or olives	Winefat
kjv	feller	a woodcutter	
kjv	felloes	the rims of wheels	
kjv	fenced	walled, fortified	
kjv	firkins	large jars (each about 40 litres)	
kjv	fitches	a spice plant (black cumin)	Fitches
kjv	flagon,flagons	a cake of raisins; also a jug	Flagon
kjv	flay,flayed	to strip the skin off	
kjv	forasmuch	since, because	
kjv	forbad,forbare	forbade; held back	
kjv	fray	to frighten away	
kjv	froward,frowardly,frowardness	stubborn, perverse, contrary	
kjv	fuller,fullers	someone who cleans and whitens cloth	Fuller
kjv	furbish,furbished	to polish, sharpen	
kjv	gainsay,gainsaying,gainsayers	to contradict, speak against	
kjv	garner,garners	a storehouse for grain	Garner
kjv	gat	got, went	
kjv	gender,gendereth,gendered	to breed, give birth to	
kjv	gin,gins	a snare, a trap	Gin
kjv	glede	a bird of prey, a kite	Glede
kjv	goodman	the master of a house	
kjv	graff,graffed	to graft (a branch onto a tree)	
kjv	greaves	leg armour	Greaves
kjv	habergeon,habergeons	a coat of mail	Habergeon
kjv	haft	a handle	Haft
kjv	hale,haling	to drag	
kjv	halt,halting	lame; limping	Halt
kjv	handywork	handiwork, what someone has made	
kjv	hap	chance, luck	
kjv	haply	perhaps, by chance	
kjv	hart,harts	a male deer	Hart
kjv	hasted	hurried	
kjv	helve	the handle of an axe	
kjv	hereunto,hereof,herewith,herein	to this; of this; with this; in this	
kjv	hind,hinds	a female deer	Hind
kjv	hindmost,hindermost	last, at the back	
kjv	hither	here, to this place	
kjv	hitherto	until now	
kjv	hoar,hoary	white-haired, grey (with age)	
kjv	holden	held	
kjv	holpen	helped	
kjv	hosen	trousers or leggings	
kjv	hough,houghed	to cut the leg tendons (of horses)	Hough
kjv	howbeit	however, nevertheless	
kjv	husbandman,husbandmen,husbandry	a farmer; farming	Husbandman
kjv	importunity	persistence in asking	
kjv	inditing	composing, writing	
kjv	infidel	an unbeliever	
kjv	inordinate	excessive, beyond what is right	
kjv	insomuch	so much that	
kjv	instantly	urgently, earnestly	
kjv	intreat,intreated,intreaties,intreaty	to plead, ask earnestly; also to treat someone	
kjv	inwards	the inner organs	
kjv	jangling	empty, idle talk	
kjv	jeoparded	risked	
kjv	kerchiefs	veils or head coverings	
kjv	kindreds	families, clans	
kjv	kine	cows, cattle	Kine
kjv	knop,knops	a knob, an ornamental bud	Knop
kjv	lade,laded,lading	to load	
kjv	latchet	a sandal strap	Latchet
kjv	laud	to praise	
kjv	leasing	lies, falsehood	Leasing
kjv	lees	the dregs at the bottom of wine	Lees
kjv	lien	lain	
kjv	liers	people lying (in wait)	
kjv	lign	wood (lign aloes)	
kjv	lively	living, alive	
kjv	lothe,lothed,lotheth,lothing	to hate, find disgusting	
kjv	lowring	overcast, gloomy (sky)	
kjv	lucre	money, gain (often dishonest)	Lucre
kjv	lunatick	epileptic, having fits	
kjv	magnifical	magnificent	
kjv	mallows	a salt plant	Mallows
kjv	marish,marishes	a marsh	
kjv	mastery,masteries	to win; contests	
kjv	maw	the stomach	
kjv	meat,meats	food in general, not only flesh	
kjv	mess,messes	a portion of food	Mess
kjv	mete,meted,meteyard	to measure; a measuring rod	
kjv	milch	giving milk	
kjv	minish,minished	to make smaller, diminish	
kjv	mite,mites	a very small coin	Mite
kjv	morrow	the next day	
kjv	mote	a speck, a tiny bit	Mote
kjv	mufflers	veils	Mufflers
kjv	munition,munitions	a fortress	
kjv	murrain	a disease of cattle	Murrain
kjv	naught,naughty,naughtiness	bad, worthless; wickedness	
kjv	nay	no	
kjv	neesings	sneezes	
kjv	nether,nethermost	lower, lowest	
kjv	nigh	near	
kjv	noised	spread about as news	
kjv	noisome	harmful, deadly	
kjv	nought	nothing; worthless	
kjv	obeisance	a bow; bowing down	Obeisance
kjv	occurrent	an event, an occurrence	
kjv	offscouring	scum, refuse	
kjv	oft,ofttimes,oftentimes	often	
kjv	ouches	settings for jewels	Ouches
kjv	outgoings	the furthest edges, the ends	
kjv	outlandish	foreign	
kjv	overplus	what is left over	
kjv	paps	breasts	
kjv	parlour	a private room, an upper room	Parlour
kjv	pate	the top of the head	
kjv	peradventure	perhaps	
kjv	pilled	peeled	
kjv	plaister,plaistered	plaster; plastered	
kjv	platted	plaited, woven	
kjv	pommels	bowl-shaped tops of pillars	Pommels
kjv	pottage	stew, soup	Pottage
kjv	pourtray,pourtrayed	to draw, portray	
kjv	prating	chattering, talking foolishly	
kjv	presently	at once	
kjv	prevent,prevented	to come before; to meet or go ahead of	
kjv	privily	secretly	
kjv	privy	knowing a secret; a toilet	
kjv	provender	animal feed	
kjv	publickly	publicly	
kjv	pulse	vegetables (peas, beans, lentils)	Pulse
kjv	purloining	stealing	
kjv	quaternions	squads of four soldiers	
kjv	quick,quicken,quickened,quickeneth,quickening	living; to make alive	
kjv	railed,railer,railing,railings	abused with words; an abusive person	
kjv	raiment	clothing	
kjv	ravin	prey, plunder	
kjv	rent	tore; torn	Rent
kjv	rereward	the rear guard	Rereward
kjv	rie	rye, spelt	
kjv	riddance	clearing away completely	
kjv	ringstraked	striped, streaked	
kjv	roller	a bandage	
kjv	sackbut	a stringed instrument	Sackbut
kjv	sith	since	
kjv	sodden,sod	boiled	
kjv	sore,sorely	very much, greatly; also painful	
kjv	sottish	stupid, foolish	
kjv	spake,spakest	spoke	
kjv	spoil,spoiled,spoiler,spoilers,spoiling	plunder; to rob, plunder	
kjv	sponge,spunge	a sponge	Sponge
kjv	spue,spued,spewing	to vomit	
kjv	stablish,stablished,stablisheth	to establish, make firm	
kjv	stanched	stopped (bleeding)	
kjv	stead	place (in his stead: in his place)	
kjv	stedfast,stedfastly,stedfastness	steadfast, firm	
kjv	straightway	immediately	
kjv	strait,straitly,straitness,straiten,straitened,straiteneth,straits	narrow, tight; hard pressed; strictly	
kjv	strake	struck (sails); lowered	
kjv	strawed,strowed	scattered	
kjv	subtil,subtilty,subtilly	crafty, cunning	
kjv	succour,succoured,succourer	to help; help	
kjv	suffer,suffered	to allow, let (as well as to suffer pain)	
kjv	sunder	apart, in pieces	
kjv	sup,supped	to eat supper	
kjv	surety,sureties,suretiship	a guarantee; someone who promises to pay another's debt	Surety
kjv	swaddled,swaddlingband	wrapped in cloths (like a baby)	
kjv	sware,swarest	swore	
kjv	tabering	beating like a drum	Tabering
kjv	tabret,tabrets	a small drum, a tambourine	Tabret
kjv	taches	clasps, hooks	Taches
kjv	tares	weeds that look like wheat	Tares
kjv	tarry,tarried,tarrieth,tarrying,tarriest	to stay, wait, delay	
kjv	teil	a terebinth tree	
kjv	thence,thenceforth	from there; from then on	
kjv	thither,thitherward	there, to that place	
kjv	thrice	three times	
kjv	throughly	thoroughly	
kjv	timbrel,timbrels	a tambourine	Timbrel
kjv	tire,tires	a headdress; ornaments	Tires
kjv	tittle	the smallest stroke of a letter	Tittle
kjv	tow	fibre of flax	Tow
kjv	traffick,traffickers	trade; traders	
kjv	travail,travailed,travaileth	hard labour; the pains of childbirth	
kjv	trode	trod	
kjv	trow	to think, suppose	
kjv	trump	a trumpet	
kjv	turtle,turtles	turtledove	
kjv	twain	two	
kjv	unction	anointing	Unction
kjv	undersetters	supports, brackets	
kjv	untempered	not properly mixed (mortar)	
kjv	unwashen	unwashed	
kjv	upbraid,upbraided,upbraideth	to scold, blame	
kjv	usurer	a moneylender who charges interest	
kjv	usury	charging interest on a loan	Usury
kjv	vail,vails	a veil	
kjv	vaunt,vaunteth	to boast	
kjv	verily	truly	
kjv	vesture,vestures	clothing, a robe	
kjv	victuals,victual	food, provisions	
kjv	viol,viols	a harp or lute	Viol
kjv	virtue	power; goodness	
kjv	wax,waxed,waxen,waxing	to grow, become	Wax
kjv	wen	a wart or sore	
kjv	whelp,whelps	a young lion or dog, a cub	
kjv	whence	from where	
kjv	whereabout	on what errand	
kjv	wherefore	why; therefore	
kjv	whereof,whereon,whereto,whereunto,wherewith,wherein,whereinto	of which; on which; to which; with which; in which	
kjv	whet	to sharpen	
kjv	whit	the least bit	
kjv	whither,whithersoever	where to; wherever	
kjv	wimples	shawls, cloaks	
kjv	wist,wit,wot,wotteth	knew; to know; know	
kjv	withal	as well, with it	
kjv	withs	cords, ropes	
kjv	wont	used to, accustomed	
kjv	wrest	to twist, pervert	
kjv	wroth	very angry	
kjv	yesternight	last night	
kjv	yonder	over there	
kjv	abhor,abhorred,abhorring	to hate, find disgusting	
kjv	acquainting	guiding, directing	
kjv	adventure,adventured	to risk, dare	
kjv	advisement	careful thought, counsel	
kjv	affinity	a relationship by marriage	Affinity
kjv	afoot	on foot	
kjv	agates	precious stones, perhaps rubies	
kjv	alas	a cry of grief	
kjv	ambassage	a delegation sent to ask for peace	
kjv	ambushment,ambushments	an ambush	
kjv	amends	repayment for wrong done	
kjv	apparently	plainly, openly	
kjv	apt	able, ready	
kjv	arrogancy	arrogance, pride	
kjv	artillery	weapons (bow and arrows)	Artillery
kjv	assay,assayed,assaying	to try, attempt	
kjv	assent,assented	agreement; to agree	
kjv	astray	lost, wandering off	
kjv	asp	a poisonous snake	Asp
kjv	austere	strict, harsh	
kjv	avenge,avenged	to punish a wrong done	
kjv	backbiteth,backbiting,backbitings	speaks evil behind someone's back	
kjv	badness	poor quality	
kjv	bakemeats	baked food	
kjv	balancings	balancing (of the clouds in the sky)	
kjv	barked	stripped of its bark	
kjv	bastard,bastards	a child born outside marriage	Bastard
kjv	beforehand	in advance	
kjv	bemoan,bemoaned,bemoaning	to grieve over, lament	
kjv	bereaved,bereave	robbed of children; to rob	
kjv	bethink	to think again, consider	
kjv	bewail,bewailed	to weep over	
kjv	blasted	withered, scorched	
kjv	bonnets	caps, turbans	
kjv	botch	a boil, an ulcer	Botch
kjv	bravery	finery, showy beauty	Bravery
kjv	breeches	underwear, linen shorts	Breeches
kjv	brickkiln	a brick kiln, a brick-works	
kjv	brimstone	burning sulphur	Brimstone
kjv	brokenfooted,brokenhanded	with a broken foot or hand	
kjv	bulrush,bulrushes	papyrus reeds	Bulrush
kjv	burdensome	a burden, a load	
kjv	buryingplace	a burial place	
kjv	butler,butlers,butlership	the king's cupbearer and his office	Butler
kjv	calved	gave birth to a calf	
kjv	camphire	henna, a sweet-smelling plant	Camphire
kjv	candle,candles,candlestick,candlesticks	a lamp; a lampstand	Candle
kjv	cankered,canker,cankerworm	rusted, corroded; a gangrene; a young locust	Canker
kjv	carbuncle,carbuncles	a red precious stone	Carbuncle
kjv	carriage,carriages	baggage, goods carried	Carriage
kjv	castaway	rejected, disqualified	Castaway
kjv	caterpiller,caterpillers	a locust	
kjv	causeless	without cause	
kjv	chalkstones	limestone	
kjv	chambering	sexual immorality	Chambering
kjv	chamberlain,chamberlains	a court official, often a eunuch	Chamberlain
kjv	chapt	cracked, dry	
kjv	chargeable	a burden, costly	
kjv	charitably	lovingly	
kjv	chickens	chicks	
kjv	choler	anger, rage	
kjv	clamorous	loud	
kjv	closet,closets	a private inner room	Closet
kjv	coffer	a chest, a box	Coffer
kjv	collars	necklaces; neck openings of garments	
kjv	college	the second quarter of Jerusalem	College
kjv	commodious	convenient, suitable	
kjv	companied	went with, kept company with	
kjv	compact,compacted	joined, held together	
kjv	comfortless	without comfort, orphaned	
kjv	concision	mutilation (cutting of the flesh)	Concision
kjv	confederacy,confederate	an alliance; allied	
kjv	consorted	joined, kept company with	
kjv	conversant	living among	
kjv	conversation	way of life, behaviour (not only talk)	Conversation
kjv	cotes	pens, sheepfolds	Cotes
kjv	couch,couching,couchingplace	to lie down; a resting place	Couch
kjv	coulter,coulters	a ploughshare	Coulter
kjv	countenance,countenances	face, look	
kjv	covert	a shelter, a hiding place	
kjv	crisping	curling (pins for the hair)	
kjv	crookbackt	hunchbacked	
kjv	cuckow	a sea bird (gull)	
kjv	cummin	cumin, a herb	Cummin
kjv	daub,daubed,daubing	to smear, plaster	
kjv	debase	to lower, degrade	
kjv	decease	death, departure	
kjv	defenced	fortified	
kjv	delicates	delicacies, luxuries	
kjv	deliciously	in luxury	
kjv	deputed	appointed	
kjv	derided	mocked	
kjv	despiteful,despitefully	insulting, spiteful	
kjv	devotions	objects of worship	
kjv	dial	a sundial	Dial
kjv	dismaying	terror	
kjv	disquieted,disquietness	troubled, restless	
kjv	dissemble,dissembled,dissembleth,dissemblers,dissimulation	to pretend, deceive; hypocrisy	
kjv	distil	to fall in drops	
kjv	downsitting	sitting down	
kjv	drams	gold coins (darics)	
kjv	drawer,drawers	someone who draws water	
kjv	dressers	vine-dressers, gardeners	
kjv	dryshod	with dry feet	
kjv	dureth	lasts, endures	
kjv	effectual,effectually	working, effective	
kjv	emboldeneth	makes bold	
kjv	emulation,emulations	rivalry, jealousy	
kjv	endamage	to damage, harm	
kjv	endeavour,endeavoured,endeavours	to try hard	
kjv	endow	to give a dowry	
kjv	enlargement	freedom, deliverance	
kjv	enquire,enquired,enquirest,enquiry	to ask	
kjv	estimation,estimations	value, a set price	
kjv	evidently	clearly	
kjv	exchangers	bankers, money changers	
kjv	expound	to explain	
kjv	extortioner,extortioners	someone who takes money by threats	
kjv	eyeservice	working only when watched	
kjv	eyesalve	ointment for the eyes	
kjv	fanners	winnowers, who separate grain from chaff	
kjv	fatfleshed,leanfleshed	fat; thin	
kjv	feignedly	falsely, pretending	
kjv	fens	marshes	
kjv	fewness	small number	
kjv	fillet,fillets	a band, a rod joining pillars	Fillets
kjv	fining	refining (pot)	
kjv	firstling,firstlings	the firstborn of an animal	
kjv	fishpools	pools	
kjv	flanks	the sides of the body, the loins	
kjv	flux	dysentery	
kjv	forecast	to plan	
kjv	foreship	the front of a ship, the bow	
kjv	forswear	to break an oath, swear falsely	
kjv	fowl,fowls	bird	
kjv	frankincense	a sweet-smelling resin burnt as incense	Frankincense
kjv	freckled	spotted (skin)	
kjv	fretted,fretting	vexed; eating away	
kjv	garnish,garnished	to decorate	Garnish
kjv	gazingstock	a public spectacle	
kjv	girdle,girdles,gird,girt,girding	a belt, sash; to fasten a belt	Girdle
kjv	glistering	glittering, dazzling white	
kjv	goodlier,goodliness	finer; beauty	
kjv	gorgeous	splendid (clothing)	
kjv	graven,graving,graved	carved	Graving
kjv	grisled	spotted, dappled	
kjv	habitation	a dwelling place	Habitation
kjv	handmaid,handmaiden	a female servant	Handmaid
kjv	handstaves	clubs	
kjv	hardhearted	stubborn	
kjv	harrows	iron tools for breaking soil	
kjv	hats	turbans, caps	
kjv	heady	reckless	
kjv	heath	a shrub in the desert	Heath
kjv	hemlock	a bitter, poisonous plant	Hemlock
kjv	heretick	someone who causes division	
kjv	hewer,hewers,hewed,hew	to cut (wood or stone)	
kjv	highminded	proud	
kjv	hoised	hoisted, raised	
kjv	hoods	turbans	
kjv	horseleach	a leech	
kjv	humbleness	humility	
kjv	hungred,hungerbitten	hungry; starving	
kjv	husks	pods (carob pods fed to pigs)	
kjv	ignominy	shame, disgrace	
kjv	implead	to bring a charge in court	
kjv	inclose,inclosed,inclosings	to enclose; settings	
kjv	incontinency,incontinent	lack of self-control	
kjv	infolding	flashing, enfolding (fire)	
kjv	inhabiters	inhabitants	
kjv	innocency	innocence	
kjv	instructer	instructor	
kjv	intermeddle,intermeddleth	to meddle, share in	
kjv	jailor	a jailer	
kjv	journeyings	journeys	
kjv	justle	to jostle	
kjv	kinsfolk,kinsfolks	relatives	
kjv	kneadingtroughs	bowls for kneading dough	
kjv	lancets	spears, lances	
kjv	languish,languished,languishing	to grow weak	
kjv	lapwing	a bird (hoopoe)	Lapwing
kjv	lefthanded	left-handed	
kjv	leathern	made of leather	
kjv	licence	permission	
kjv	lieutenants	governors (satraps)	
kjv	lintel,lintels	the beam over a door	Lintel
kjv	loft	an upper room	
kjv	lookingglasses	mirrors of polished bronze	
kjv	lowly	humble	
kjv	mantle	a cloak	Mantle
kjv	mart	a market	
kjv	masterbuilder	a master builder	
kjv	matrix	the womb	
kjv	meddle,meddled,meddling	to interfere; to fight with	
kjv	menpleasers	people-pleasers	
kjv	menstealers	kidnappers, slave traders	
kjv	merryhearted	cheerful	
kjv	mincing	walking with short affected steps	Mincing
kjv	minstrel	a musician	Minstrel
kjv	mixt	mixed	
kjv	moderation	gentleness, reasonableness	
kjv	moneychangers	money changers	
kjv	mortify	to put to death	
kjv	motheaten	eaten by moths	
kjv	mower	someone who cuts grass	
kjv	muse,musing	to think deeply	
kjv	napkin	a cloth, a handkerchief	Napkin
kjv	naves	hubs of wheels	
kjv	needlework	embroidery	
kjv	nephews	grandchildren, descendants	
kjv	nitre	soda (used as soap)	Nitre
kjv	noontide	noon	
kjv	nourisher	someone who cares for another	
kjv	novice	a new convert	
kjv	oblation,oblations	an offering	
kjv	odd	left over, extra	
kjv	ossifrage	a bird of prey (vulture)	Ossifrage
kjv	ospray	an osprey, a bird of prey	
kjv	outrageous	overwhelming	
kjv	overcharge,overcharged	to burden; weighed down	
kjv	overpast	passed by	
kjv	paddle	a spade, a small shovel	
kjv	palmerworm	a type of locust	
kjv	palsy,palsies	paralysis	Palsy
kjv	paramours	lovers	
kjv	partition	a dividing wall	
kjv	patrimony	an inheritance from one's father	
kjv	pence	silver coins (denarii)	
kjv	pennyworth	a penny's worth (a denarius: a day's wage)	
kjv	penury	poverty	
kjv	perilous	dangerous	
kjv	pestilent	troublesome	
kjv	plat	a plot of ground	
kjv	plaiting	braiding (the hair)	
kjv	plummet,plumbline	a weight on a string to check walls are straight	
kjv	poll,polled	the head; to cut the hair	
kjv	porter	a doorkeeper, gatekeeper	Porter
kjv	pricked	pierced (with grief)	
kjv	printed	made marks (tattoos)	
kjv	prised	priced, valued	
kjv	progenitors	ancestors	
kjv	provocation,provocations	making God angry; an affront	
kjv	pruninghooks	tools for trimming vines	
kjv	psaltery,psalteries	a stringed instrument, like a harp	Psaltery
kjv	publick	public	
kjv	purtenance	the inner parts	
kjv	putrifying	rotting	
kjv	pygarg	a wild goat or antelope	Pygarg
kjv	quit	to behave (quit you like men: be brave)	
kjv	rail	to speak abusively	
kjv	rase	to raze, tear down	
kjv	rate	a daily share	
kjv	reins	the kidneys; the inner self, the heart	Reins
kjv	remit,remitted	to forgive	
kjv	repayed	repaid	
kjv	requite,requited,requiting	to repay	
kjv	revellings	wild parties	
kjv	rifled	plundered	
kjv	rump	the fat tail of a sheep	
kjv	saltpits	salt pits	
kjv	satyr,satyrs	wild goats; goat-demons	Satyr
kjv	savour,savours,savourest,savoury	smell, taste; tasty	
kjv	scall	a scaly skin disease	
kjv	scant	short, too small	
kjv	scrip	a bag for food on a journey	Scrip
kjv	selvedge	the edge of a piece of cloth	
kjv	servitor	a servant	Servitor
kjv	shambles	a meat market	
kjv	shapen	formed	
kjv	sherd,sherds	a broken piece of pottery	
kjv	shivers	pieces, fragments	
kjv	shoelatchet	a sandal strap	
kjv	sixscore	a hundred and twenty	
kjv	slang	slung (with a sling)	
kjv	sleight	trickery	
kjv	slimepits	tar pits	
kjv	slidden	slid, gone back	
kjv	smart	to suffer, hurt	
kjv	sodering	soldering	
kjv	solitarily	alone	
kjv	sop	a piece of bread dipped in a dish	Sop
kjv	spitted	spat on	
kjv	spreadings	spreading	
kjv	stacte	a sweet spice (gum resin)	Stacte
kjv	stalled	fattened in a stall	
kjv	standardbearer	a soldier who carries the flag	
kjv	stem	a stump	
kjv	stomacher	a rich robe	Stomacher
kjv	stouthearted	brave; also stubborn	
kjv	stoutness	pride, arrogance	
kjv	stripling	a young man	
kjv	suborned	bribed, secretly hired	
kjv	superfluity,superfluous	too much, excess	
kjv	surfeiting	overeating, drunkenness	
kjv	surmisings	suspicions	
kjv	swan	a bird (perhaps an owl)	Swan
kjv	swelled	swelled, swollen	
kjv	tacklings,tackling	ropes and gear of a ship	Tackling
kjv	talebearer	a gossip	
kjv	targets	small shields	
kjv	tattlers	gossips	
kjv	termed	called	
kjv	thankworthy	praiseworthy	
kjv	thereabout	about that	
kjv	therefrom,thereat,thereout,therewith,thereto,thereunto,thereupon,thereon,thereinto	from it; at it; out of it; with it; to it; upon it; on it; into it	
kjv	threescore	sixty	
kjv	fourscore	eighty	
kjv	tiling	the roof tiles	
kjv	tossings	restlessness	
kjv	townclerk	the city clerk	
kjv	translate	to move, carry over	
kjv	treatise	an account, a book	
kjv	trucebreakers	people who break promises	
kjv	tumults	riots, uproar	
kjv	twofold	twice as much	
kjv	unadvisedly	rashly	
kjv	unaccustomed	untrained	
kjv	uncomely	improper, unseemly	
kjv	undergirding	bracing a ship with ropes	
kjv	unfeigned	sincere, genuine	
kjv	unicorn,unicorns	a wild ox	Unicorn
kjv	unlade	to unload	
kjv	unloose	to untie	
kjv	unmoveable	immovable	
kjv	unperfect	unformed	
kjv	unsatiable	never satisfied	
kjv	unsavoury	tasteless; crooked	
kjv	unseemly	improper	
kjv	untoward	perverse, crooked	
kjv	upholden	held up	
kjv	usurp	to take authority wrongly	
kjv	vagabond,vagabonds	a wanderer	Vagabond
kjv	vehement	strong, intense	
kjv	villany	wickedness, foolishness	
kjv	visage	face, appearance	
kjv	waster	a destroyer	
kjv	watersprings	springs of water	
kjv	waymarks	road signs	
kjv	wellfavoured	good-looking	
kjv	whale,whales	a great sea creature	Whale
kjv	whisperers	gossips	
kjv	whited	whitewashed	
kjv	wilily	craftily	
kjv	winebibber,winebibbers	a drunkard	
kjv	winterhouse	a winter house	
kjv	wittingly	on purpose	
kjv	womankind	women	
kjv	workfellow	a fellow worker	
kjv	worthies	nobles, officers	
kjv	wreathen	twisted, braided	
kjv	wringed	squeezed	
kjv	yell	to roar	
all	abomination,abominations,abominable	something God hates; disgusting, especially idol worship	Abomination
all	abyss	the bottomless pit, the deep	
all	acacia	a hard desert wood used in the tabernacle	Acacia
all	adoption	being made God's child and heir	Adoption
all	adultery,adulterer,adulterers,adulteress,adulterous	sex between a married person and someone other than their spouse	Adultery
all	advocate	someone who speaks for us and defends us	Advocate
all	alms,almsgiving,almsdeeds	gifts to the poor	Alms
all	altar,altars	a raised place where offerings were made to God	Altar
all	amen	so be it; it is true	Amen
all	anathema	cursed, set apart for destruction	Anathema
all	anoint,anointed,anointing	to pour oil on someone, setting them apart for God's work	Anoint
all	antichrist,antichrists	someone who opposes Christ and pretends to take his place	Antichrist
all	apostasy	turning away from the faith	
all	apostle,apostles,apostleship	someone sent by Jesus to bring his message	Apostle
all	ark	a large boat (Noah's ark); the gold-covered chest holding God's covenant (ark of the covenant)	Ark
all	ascension	Jesus going up into heaven	Ascension
all	asherah,asherim,groves	a Canaanite goddess and the wooden poles that stood for her	Asherah
all	atonement,atone	making peace with God by covering or paying for sin	Atonement
all	baal,baals,baalim	the Canaanite storm god; false gods	Baal
all	baptize,baptized,baptizing,baptism,baptisms,baptise,baptised	washing with water as a sign of turning to God and belonging to Christ	
all	beatitudes	Jesus' blessings at the start of the Sermon on the Mount	
all	benediction	a blessing spoken over people	
all	blaspheme,blasphemed,blasphemy,blasphemies,blasphemous,blasphemer,blasphemers,blasphemeth	speaking against God, insulting him	Blasphemy
all	bondservant,bondservants	a slave; someone who belongs to a master	
all	bridegroom	a man about to be married	
all	canaanite,canaanites	people of Canaan, the land before Israel lived there	Canaanite
all	canon	the books accepted as Scripture	Canon
all	carnal,carnally	of the flesh; worldly, sinful	Carnal
all	centurion,centurions	a Roman officer over about 100 soldiers	Centurion
all	chaff	the husks blown away when grain is threshed; something worthless	Chaff
all	cherub,cherubim,cherubims	powerful heavenly beings who guard God's holy presence	Cherub
all	circumcise,circumcised,circumcision,uncircumcised,uncircumcision	cutting the foreskin, the sign of God's covenant with Abraham	Circumcision
all	cistern,cisterns	an underground tank for storing rainwater	Cistern
all	communion	sharing together; fellowship; the Lord's Supper	Communion
all	concubine,concubines	a secondary wife, with fewer rights	Concubine
all	condemnation,condemn,condemned	being judged guilty and punished	
all	confess,confessed,confession	to admit sin; or to declare openly what you believe	Confession
all	consecrate,consecrated,consecration,consecrations	to set apart as holy for God	Consecration
all	contrite	sorry for sin, humble	
all	covenant,covenants	a binding agreement, especially God's promises to his people	Covenant
all	covet,coveted,covetous,covetousness	to want what belongs to someone else	Covetousness
all	cubit,cubits	about 45 cm (18 inches): elbow to fingertip	Cubit
all	cupbearer	the servant who tastes and serves the king's wine	
all	damnation,damned	being condemned by God	Damnation
all	deacon,deacons	a servant of the church who cares for practical needs	Deacon
all	decapolis	ten Greek-style cities east of the Jordan	Decapolis
all	denarius,denarii	a silver coin: a day's wage	
all	disciple,disciples	a follower and learner of Jesus	Disciple
all	dispensation	a stewardship; a way God orders things	Dispensation
all	divination,diviner,diviners	trying to learn the future by magic	Divination
all	dowry	a gift given at a marriage	Dowry
all	drachma	a Greek silver coin, about a day's wage	
all	dross	the waste skimmed off melted metal	Dross
all	edify,edified,edifieth,edifying,edification	to build up, strengthen	
all	elect,election	chosen by God	
all	ephah	a measure of grain, about 20 litres	Ephah
all	ephod	a priest's embroidered vest	Ephod
all	epistle,epistles	a letter	Epistles
all	eunuch,eunuchs	a man who has been castrated, often a royal official	Eunuch
all	evangelist,evangelists	someone who tells the good news	Evangelist
all	exhort,exhorted,exhortation	to urge, encourage strongly	
all	expiation	wiping away sin	Expiation
all	fathom,fathoms	about 1.8 metres (6 feet) of depth	Fathom
all	fellowship	sharing life together	Fellowship
all	firmament	the sky, the expanse above	Firmament
all	firstborn	the eldest son, with special rights; first in rank	
all	firstfruits,firstfruit	the first and best of the harvest, given to God	
all	fornication,fornications,fornicator,fornicators	sexual sin	Fornication
all	furlong,furlongs	about 185 metres (a stadion)	Furlong
all	gentile,gentiles	someone who is not Jewish	Gentiles
all	glorify,glorified,glorifieth,glorifying	to give glory, praise and honour	Glorify
all	godliness,godly	living in a way that honours God	Godliness
all	golgotha,calvary	the place where Jesus was crucified ("place of the skull")	Golgotha
all	gomer,omer	a measure of grain, about 2 litres	Gomer
all	gospel,gospels	the good news about Jesus	Gospel
all	grace	God's kindness that we do not deserve	Grace
all	hallelujah,alleluia	praise the LORD	Hallelujah
all	hallow,hallowed	to make or treat as holy	Hallow
all	heathen	nations who do not know God	Heathen
all	hebrew,hebrews	an Israelite; the language of the Old Testament	Hebrew
all	hell	the place of final punishment	Hell
all	herodians	supporters of King Herod's family	Herodians
all	hin	a measure of liquid, about 4 litres	
all	homer	a large measure of grain, about 220 litres	Homer
all	hosanna	"Save us!", a shout of praise	Hosanna
all	hypocrite,hypocrites,hypocrisy	someone who pretends to be good	Hypocrite
all	idol,idols,idolatry,idolater,idolaters,idolatrous	a false god or image that is worshipped	Idol
all	immanuel,emmanuel	"God with us"	Immanuel
all	impute,imputed,imputeth,imputing	to count or credit to someone's account	
all	incarnation	God the Son becoming human	Incarnation
all	incense	spices burnt to make a sweet smell in worship	Incense
all	iniquity,iniquities	sin, wickedness	
all	intercession,intercessions,intercede	praying for others	
all	jubile,jubilee	the 50th year when land returned and slaves were set free	Jubilee
all	justify,justified,justifieth,justification	to declare someone right with God	Justification
all	kinsman,kinsmen	a close relative; a kinsman-redeemer buys back land or a person in the family	Kinsman
all	lampstand,lampstands	a stand that holds oil lamps	
all	lasciviousness,lewdness	shameless immorality	Lewdness
all	laver,lavers	a large bronze basin for priests to wash in	Laver
all	leaven,leavened,unleavened	yeast; often a picture of sin spreading	Leaven
all	leper,lepers,leprosy,leprous	a person with a serious skin disease	Leprosy
all	levite,levites	men of the tribe of Levi, who served at the tabernacle and temple	Levite
all	libation	a drink offering	
all	loins	the hips and lower back (gird up your loins: get ready)	
all	longsuffering	patience	
all	lovingkindness,lovingkindnesses	God's faithful, loyal love	
all	magi	wise men from the east who studied the stars	
all	magnify,magnified	to praise, make great	
all	mammon	money and riches	Mammon
all	manger	a feeding trough for animals	Manger
all	manna	the bread from heaven God gave in the desert	Manna
all	mediator	a go-between who brings two sides together	Mediator
all	messiah	the Anointed One, the Christ: God's promised King	Messiah
all	millstone,millstones	a heavy stone for grinding grain	
all	mina,minas,maneh	a weight of money, about 100 days' wages	Maneh
all	mitre	the priest's turban	Mitre
all	myrrh	a sweet-smelling resin used in perfume and for burial	Myrrh
all	nazarite,nazarites,nazirite	someone under a vow to God: no wine, no haircut	Nazarite
all	ordinance,ordinances	a law, a rule God gave	
all	parable,parables	a story that teaches a truth	Parable
all	paradise	a garden; heaven	Paradise
all	passover,passovers	the feast remembering how God rescued Israel from Egypt	Passover
all	patriarch,patriarchs	a founding father (Abraham, Isaac, Jacob)	Patriarch
all	pentecost	the feast of weeks, 50 days after Passover	Pentecost
all	perdition	destruction, ruin	
all	pharisee,pharisees	a strict Jewish group who kept the law and their traditions	Pharisees
all	phylacteries	little boxes holding Scripture, worn on the forehead and arm	Phylacteries
all	potsherd,potsherds	a broken piece of pottery	Potsherd
all	predestinate,predestinated,predestined,predestination	decided beforehand by God	Predestination
all	priest,priests,priesthood	someone who offers sacrifices and prays for the people	Priest
all	prophecy,prophecies,prophesy,prophesied,prophesieth,prophesying,prophesyings	a message from God, sometimes about the future	Prophecy
all	prophet,prophets,prophetess	someone who speaks God's message	Prophet
all	propitiation	the sacrifice that turns away God's anger against sin	Propitiation
all	proselyte,proselytes	a Gentile who has converted to Judaism	Proselyte
all	publican,publicans	a tax collector for Rome	Publican
all	purim	the feast remembering how God saved the Jews in Esther's time	
all	rabbi,rabboni	teacher, master	Rabbi
all	ransom,ransomed	a price paid to set someone free	Ransom
all	reconcile,reconciled,reconciliation,reconciling	to bring back together in peace	
all	redeem,redeemed,redeemer,redemption	to buy back, set free by paying a price	Redeemer
all	regeneration	new birth, being made new	Regeneration
all	remnant	a small group left over; the faithful few	
all	repent,repented,repentance,repenteth	to turn from sin back to God	Repentance
all	reproach,reproached,reproaches	shame, disgrace; to blame	
all	reprobate,reprobates	rejected, failing the test	Reprobate
all	resurrection	rising from the dead	
all	revelation	God showing what was hidden	Revelation
all	righteous,righteousness,unrighteous,unrighteousness	being right with God and doing what is right	Righteousness
all	sabbath,sabbaths	the seventh day, a day of rest kept holy	Sabbath
all	sackcloth	rough cloth worn in grief or repentance	Sackcloth
all	sadducee,sadducees	a Jewish priestly group who did not believe in the resurrection	Sadducees
all	saint,saints	a holy one; one of God's people	Saint
all	salvation	being rescued by God from sin and death	Salvation
all	samaritan,samaritans	people of Samaria, of mixed descent, at odds with the Jews	Samaritans
all	sanctify,sanctified,sanctifieth,sanctification	to make holy, set apart for God	Sanctification
all	sanctuary,sanctuaries	a holy place	Sanctuary
all	sanhedrin,council	the Jewish ruling council in Jerusalem	Council
all	scapegoat	the goat sent into the desert carrying the people's sins	Scapegoat
all	sceptre,scepter	a king's rod or staff, a sign of power	Sceptre
all	scribe,scribes	someone who copied and taught the law	Scribes
all	seer,seers	a prophet, one who sees God's visions	Seer
all	selah	a pause or musical note in the Psalms	Selah
all	seraphim,seraphims	burning, winged heavenly beings who praise God	Seraphim
all	shekel,shekels	a weight of silver, about 11 grams	Shekel
all	sheol	the grave, the place of the dead	Sheol
all	shewbread,showbread	the holy bread set before God in the tabernacle	Shewbread
all	sojourn,sojourned,sojourner,sojourners,sojourneth,sojourning	to live somewhere as a foreigner	
all	sorcery,sorceries,sorcerer,sorcerers,sorceress	magic, witchcraft	Sorcerer
all	spikenard,nard	an expensive perfume	Spikenard
all	statute,statutes	a law, a decree	
all	steward,stewards,stewardship	a manager of someone else's property	
all	stumblingblock,stumblingblocks,stumbling	something that makes someone fall into sin or unbelief	
all	supplication,supplications	humble, earnest prayer	
all	swaddling	strips of cloth wrapped around a baby	
all	synagogue,synagogues	a Jewish meeting place for prayer and teaching	Synagogue
all	talent,talents	a large weight of money, about 20 years' wages	Talent
all	temperance	self-control	
all	tempt,tempted,temptation,temptations,tempter	to try, test; to lure into sin	Temptation
all	testament	a covenant; a will	Testament
all	testimony,testimonies	a witness; God's laws	Testimony
all	tetrarch	a ruler of part of a province	Tetrarch
all	tithe,tithes,tithing	a tenth given to God	Tithe
all	transfiguration,transfigured	Jesus shining with God's glory on the mountain	
all	transgress,transgressed,transgression,transgressions,transgressor,transgressors	breaking God's law, crossing the line	
all	trespass,trespasses,trespassed	a sin, a wrong against someone	
all	tribulation,tribulations	great trouble, suffering	Tribulation
all	trinity	one God in three persons: Father, Son and Holy Spirit	Trinity
all	unclean,uncleanness	not fit to come near God (in the law); impure	
all	undefiled	pure, clean	
all	vanity,vanities	emptiness; something meaningless	
all	vow,vows,vowed	a solemn promise made to God	Vows
all	winnow,winnowed,winnowing	tossing grain in the wind to blow away the chaff	Winnow
all	woe	deep sorrow; a warning of judgment	
all	wrath	God's holy anger at sin	
all	yoke,yokes,yoked	a wooden bar joining animals to pull; a picture of service or burden	Yoke
all	zealot,zealots,zealous	eager, devoted; Zealots were Jews who wanted to overthrow Rome	Zealots
all	archangel	a chief angel	Archangel
all	elders	leaders of God's people	
all	proconsul	a Roman governor of a province	
all	soothsayer,soothsayers	a fortune teller	Soothsayer
all	mercyseat	the gold lid of the ark, where atoning blood was sprinkled	
all	threshingfloor,threshingfloors,threshing	a hard flat place where grain is beaten to separate it from the stalks	Threshing
all	winepress,winepresses	a pit where grapes are trodden to make wine	
all	tabernacle,tabernacles	the tent of worship; the Feast of Tabernacles (Booths) remembers Israel's years in the desert	Tabernacle
all	booths	shelters; the Feast of Booths remembers Israel's years in the desert	
all	ordination,ordained,ordain	appointing someone to an office; to appoint	
all	oracle,oracles	a message from God	Oracle
all	omnipotent	all-powerful	
all	providence	God's care and control over everything	Providence
all	sovereign,sovereignty	supreme ruler; supreme power	Sovereignty
all	vineyard,vineyards	a field of grapevines, often a picture of Israel	
all	shepherd,shepherds	someone who cares for sheep; a picture of a leader	Shepherd
all	heir,heirs,inheritance	someone who receives what is passed down; what is passed down	Heir
all	hades	the realm of the dead	Hades
all	gehenna	the place of fire and judgment (hell)	Gehenna
all	satrap,satraps	a Persian governor	
all	praetorium,praetorian	the Roman governor's headquarters; his guard	Praetorium
all	legion,legions	a Roman army unit of about 6,000 soldiers	Legion
all	lepton,lepta	the smallest copper coin	
all	quadrans	a small Roman coin	
all	stadia	furlongs, each about 185 metres	
all	bath,baths	a measure of liquid, about 22 litres	Bath
all	seah,seahs	a measure of grain, about 7 litres	Seah
all	kor,cor	a large measure, about 220 litres	Cor
all	gerah	a small weight, a twentieth of a shekel	Gerah
all	beka,bekah	half a shekel	Bekah
all	apostate	someone who turns away from the faith	
all	heresy,heresies	teaching that divides from the truth	Heresy
all	schism	a division	Schism
all	asceticism	harsh treatment of the body for religious reasons	
all	dissension	disagreement, quarrelling	
all	licentiousness	shameless immorality	
all	debauchery	wild, immoral living	
all	carousing	wild partying and drinking	
all	malice	wanting to harm others	
all	slander,slanders,slandered	telling lies that harm someone's name	
all	envy,envying,envyings	resenting what others have	
all	strife	conflict, quarrelling	
all	sobriety	being clear-headed and self-controlled	
all	forbearance	patience, holding back	
all	meekness	gentle strength, humility	Meekness
